order,company,website,public_contact_email,status,notes
1,Ignite Visibility,https://ignitevisibility.com/contact/,opportunity@ignitevisibility.com,hold,US agency contact from official website.
2,Mad Fish Digital,https://www.madfishdigital.com/contact/,team@madfishdigital.com,hold,US agency contact from official website.
3,Direct Online Marketing,https://www.directom.com/contact-us/,info@directom.com,hold,US agency contact from official website.
4,Sagefrog Marketing Group,https://www.sagefrog.com/,success@sagefrog.com,hold,US agency contact from official website.
5,Brolik,https://brolik.com/,info@brolik.com,hold,US agency contact from official website.
6,Postali,https://www.postali.com/contact/,hello@postali.com,hold,US agency contact from official website.
7,Brafton,https://www.brafton.com/contact-us/,info@brafton.com,hold,US agency contact from official website.
8,Big Sea,https://bigsea.co/contact/,hello@bigsea.co,hold,US agency contact from official website.
9,Siege Media,https://www.siegemedia.com/contact,hello@siegemedia.com,hold,US agency contact from official website.
